Organization,Link,Category,Specialty,Affiliation,Zip Code,Availability,Spanish,Chinese,Tagalog (incl. Filipino),Portuguese,Korean,German,Haitian (Creole),Vietnamese,French,Hindi,Arabic,Japanese,Russian,Notes
Altrusa International of Gainesville,https://districtthree.altrusa.org/gainesville/,Family,Elder Service,Non-Government,32605,N,0,0,0,0,0,0,0,0,0,0,0,0,0,Belong to UF Health
Al'z Place,https://eldercare.ufhealth.org/services/alz-place/,Family,Elder Service,Non-Government,32610,N,0,0,0,0,0,0,0,0,0,0,0,0,0,
Alzheimer's Association,https://www.alz.org/cnfl,Family,Elder Service,Non-Government,32606,Y,1,0,0,0,0,0,0,0,0,0,0,0,0,
Community Action Agency,http://www.cfcaa.org/,Family,Elder Service,Non-Government,32608,N,0,0,0,0,0,0,0,0,0,0,0,0,0,
Career Source North Central Florida,https://careersourcencfl.com,Edu&Employment,Job Training,Non-Government,32601,N,0,0,0,0,0,0,0,0,0,0,0,0,0,Spanish Available with Complaint
Florida Department of Education Division of Vocational Rehabilitation,http://www.rehabworks.org/,Edu&Employment,Job Training,Government,32606,N,0,0,0,0,0,0,0,0,0,0,0,0,0,
Goodwill Job Junction ,https://members.jaxchamber.com/NonProfit-Organizations/Goodwill-Industries-of-North-Florida-Gainesville-Job-Junction-3163,Edu&Employment,Job Training,Non-Government,32609,N,0,0,0,0,0,0,0,0,0,0,0,0,0,
Kelly Services,https://www.kellyservices.com/,Edu&Employment,Job Training,Non-Government,32605,N,0,0,0,0,0,0,0,0,0,0,0,0,0,
Academy for Five Element Acupunture Community Clinic,https://acupuncturist.edu/,Health,Acupuncture,Non-Government,32601,N,0,0,0,0,0,0,0,0,0,0,0,0,0,
Gainesville Community Acupuncture,N/A,Health,Acupuncture,Non-Government,32609,N,0,0,0,0,0,0,0,0,0,0,0,0,0,
"Catholic Charities, Inc. of Gainesville",https://www.catholiccharitiesgainesville.org/caring-choices,Family,Adoption,Non-Government,32609,Y,1,0,0,0,0,0,0,0,0,0,0,0,0,Spanish translation when available. 
"Catholic Charities, Inc. of Gainesville",https://www.catholiccharitiesgainesville.org/caring-choices,Legal,Insurance,Non-Government,32609,Y,1,0,0,0,0,0,0,0,0,0,0,0,0,Spanish translation when available. 
"Catholic Charities, Inc. of Gainesville",https://www.catholiccharitiesgainesville.org/caring-choices,Legal,Insurance,Non-Government,32609,Y,1,0,0,0,0,0,0,0,0,0,0,0,0,Spanish translation when available. 
Children's Home Society of Florida,https://chsfl.org/,Family,Adoption Services,Non-Government,32607,N,0,0,0,0,0,0,0,0,0,0,0,0,0,
Alachua County Animal Services,https://www.alachuacounty.us/Depts/animalServices/Pages/AnimalServices.aspx,Family,Animal Health and Services,Government,32609,Y,1,0,0,0,0,0,0,0,0,0,0,0,0,"Spanish translation when available, must ask ahead of time. "
Alachua County Humane Society,https://www.humanesocietyncfl.org/,Family,Animal Health and Services,Non-Government,32609,Y,1,0,0,0,0,0,0,0,0,0,0,0,0,Limited spanish translation when available. 
Home Van Pet Care Project Inc. ,https://homevanpetcareproject.blogspot.com/,Family,Animal Health and Services,Non-Government,32604,N,0,0,0,0,0,0,0,0,0,0,0,0,0,
Operation Catnip,https://ocgainesville.org/,Family,Animal Health and Services,Non-Government,32608,N,0,0,0,0,0,0,0,0,0,0,0,0,0,
"PAWS ""Pets are Wonderful Support"" ",https://uf-paws.square.site/,Family,Animal Health and Services,Non-Government,32610,N,0,0,0,0,0,0,0,0,0,0,0,0,0,
Pit Nip at West End Animal Hospital,https://www.westendanimalhospital.com/,Family,Animal Health and Services,Non-Government,32669,N,0,0,0,0,0,0,0,0,0,0,0,0,0,Not much additional information for the program on the website. 
St. Francis Pet Care,https://www.stfrancispetcare.org/,Family,Animal Health and Services,Non-Government,32601,N,0,0,0,0,0,0,0,0,0,0,0,0,0,
Alachua County Social Services,https://www.alachuacounty.us/Depts/CSS/SocialServices/Pages/Services.aspx,Social,Burial Services,Government,32641,Y,1,0,0,0,0,0,0,0,0,0,0,0,0,"A spanish interpreter is on staff, and other interpreters can be arrange as needed. Days and hours are limited so people should call ahead of time. "
Early Learning Coalition of Alachua County,https://elcalachua.org/,Edu&Employment,Child and Parent Services,Government,32609,Y,1,0,0,0,0,0,0,0,0,0,0,0,0,
Healthy Families Florida,https://www.healthyfamiliesfla.org/,Health,Child and Parent Services,Non-Government,32607,Y,1,0,0,0,0,0,0,0,0,0,0,0,0,Spanish may be available for the intial assessment. 
"Healthy Start of North Central Florida, Inc. Service",https://www.chsandhsncfcoalitions.org/,Health,Child and Parent Services,Non-Government,32606,Y,1,0,0,0,0,0,0,0,0,0,0,0,0,Spanish translation available upon request. 
Library Partnership Neighborhood Resource Center,"https://www.pfsf.org/, https://www.aclib.us/library-partnership-branch ",Family,Child and Parent Services,Government,32601,N,0,0,0,0,0,0,0,0,0,0,0,0,0,
Women's Infants and Children Project (WIC),https://www.fns.usda.gov/wic/women-infants-and-children-wic,Family,Child and Parent Services,Government,"32607, 32609, 32615, 32641",Y,1,0,0,0,0,0,0,0,0,0,0,0,0,"Spanish is available on site, but other languages (not specified) can be translated through a language line (not specified if through phone or online)."
Alachua County NAACP,https://naacpacb.org/,Legal,Civil Liberties Justice,Non-Government,32627,N,0,0,0,0,0,0,0,0,0,0,0,0,0,
Dream Defenders-Gainesville,https://www.facebook.com/Goddsville/,Legal,Civil Liberties Justice,Non-Government,0,N,0,0,0,0,0,0,0,0,0,0,0,0,0,Now known as Goddsville Dream Defenders.
Gainesville Community Alliance,N/A,Legal,Civil Liberties Justice,Non-Government,0,N,0,0,0,0,0,0,0,0,0,0,0,0,0,Website does not work. 
Interfaith Alliance for Immigrant Justice,https://gainesvilleiaij.blogspot.com/,Legal,Civil Liberties Justice,Non-Government,32609,N,0,0,0,0,0,0,0,0,0,0,0,0,0,
"Multicultural Affairs, LGBTQ+ Affairs @ UF",https://multicultural.ufl.edu/,Legal,Civil Liberties Justice,Academic,32611,N,0,0,0,0,0,0,0,0,0,0,0,0,0,Website is under construction. Staff will try to accomodate languages to the best of their abilities. 
Rural Women's Health Project,https://rwhp.org/,Legal,Civil Liberties Justice,Non-Government,32601,Y,1,0,0,0,0,0,0,0,0,0,0,0,0,Spanish is only available from M-F 9 AM - 5 PM. 
United Church of Gainesville -Social Justice Committee,https://ucgainesville.org/social-justice/,Legal,Civil Liberties Justice,Non-Government,32605,N,0,0,0,0,0,0,0,0,0,0,0,0,0,
Hospice Attic Thrift Store,https://havenhospice.com/attic,Other,Clothing,Non-Government,32601,Y,0,0,0,0,0,0,0,0,0,0,0,0,0,"No languages are specified, and depends on what they are able to accomodate on site. "
Salvation Army Family Thrift Store,https://www.salvationarmyflorida.org/gainesville,Other,Clothing,Non-Government,32601,N,0,0,0,0,0,0,0,0,0,0,0,0,0,
Tot Spot Thrift Store,N/A,Other,Clothing,Non-Government,32607,N,0,0,0,0,0,0,0,0,0,0,0,0,0,
Dignity Project,https://www.dot-film.org/articles/film-technology-and-digital-innovation.html?psystem=PW&domain=www.dignityproject.com&oref=https%3A%2F%2Fwww.dignityproject.com%2F%3Futm_medium%3Dreferral%26utm_source%3Didealist,Other,Computers,Non-Government,32601,N,0,0,0,0,0,0,0,0,0,0,0,0,0,"Website does not work, so the link is not included here. "
Goodwill-Job Junction,https://members.jaxchamber.com/NonProfit-Organizations/Goodwill-Industries-of-North-Florida-Gainesville-Job-Junction-3163,Other,Computers,Non-Government,"32608, 32609",N,0,0,0,0,0,0,0,0,0,0,0,0,0,Additional zip code from the website. 
Alachua County Crisis Center,https://www.alachuacounty.us/Depts/CSS/CrisisCenter/Pages/CrisisCenter.aspx,Health,Crisis Counseling,Government,32641,Y,1,0,0,0,0,1,0,0,1,1,0,0,1,"Other languages: Albanian, Greek, Guajarati, and Turkish. Days and hours are available upon request. "
CDS Family and Behavioral Health Services,https://www.cdsfl.org/,Health,Crisis Counseling,Non-Government,32608,Y,0,0,0,0,0,0,0,0,0,0,0,0,0,"No languages specified, but they use phone interpreters and may be available upon request. "
"Equal Access Clinics, UF College of Medicine and Shands Family Medicine",https://equalaccess.med.ufl.edu/,Health,Crisis Counseling,Academic,32601,Y,1,0,0,0,0,0,0,0,0,0,0,0,0,"Limited Spanish, and depends on the volunteers and medical students. There is a Spanish night on the second Monday of the month. "
Gainesville Community Ministry,https://www.gcmhelp.org/home0.aspx,Health,Crisis Counseling,Non-Government,32601,Y,1,0,0,0,0,0,0,0,0,0,0,0,0,Spanish relies on volunteers. The dental department has bilingual speakers. 
Haven Hospice,https://havenhospice.com/,Health,Crisis Counseling,Non-Government,32606,Y,0,0,0,0,0,0,0,0,0,0,0,0,0,"40+ languages are available, but they are not listed. Translation is available upon request. Would need to contact for clarification on languages. "
Helping Hands Clinic,https://hhclinicgnv.org/,Health,Crisis Counseling,Non-Government,32601,Y,1,1,0,0,1,0,0,0,1,0,0,0,0,These langauge translations are available upon request. 
Meridian Behavioral Healthcare,https://mbhci.org/,Health,Crisis Counseling,Non-Government,32608,Y,1,0,0,0,0,0,0,0,0,0,0,0,0,Translation is available upon request and people should contact them ahead of time if possible. 
"ACORN Clinic, Iinc. Dental Clinic",https://acornclinic.org/,Health,Dental,Non-Government,32622,Y,1,0,0,0,0,0,0,0,0,0,0,0,0,"Translation can be scheduled or an interpreter can be brought. The physician is multilingual, and other languages (not listed) are available over the phone. "
Azalea Health Dental Clinic,https://azahealth.org/gainesville/,Health,Dental,Non-Government,32641,Y,1,0,0,0,0,0,0,0,0,0,0,0,0,Call ahead of time. 
Florida Department of Health in Alachua County Pediatric and Adult Dental Clinics,"https://alachua.floridahealth.gov/programs-services/clinical-and-nutrition-services/dental-health/#:~:text=Gainesville%20Clinic,SW%2064th%20Terraceu003cbru003eGainesville%2C%20FL%2032607",Health,Dental,Government,32641,Y,1,0,0,0,0,0,0,0,0,0,0,0,0,Call in advance. Other language translations are available over the phone. 
Florida Department of Health Southwest Dental Clinic,https://swadvocacygroup.org/sw-health-clinic/,Health,Dental,Non-Government,32607,Y,1,0,0,0,0,0,0,0,0,0,0,0,0,Call ahead of time. All other languages are offered through phone translation. 
Gainesville Community Ministry Dental Clinic,https://www.gcmhelp.org/home0.aspx,Health,Dental,Non-Government,32601,Y,1,0,0,0,0,0,0,0,0,0,0,0,0,
Santa Fe Community College Dental Clinic,https://www.sfcollege.edu/academics/cte/health/dental-clinic.html,Health,Dental,Academic,32606,Y,1,0,0,0,0,0,0,0,0,0,0,0,0,Translation availability depends on the staff working. 
UF College of Dentistry and UF Health Shands Dental Clinic,https://dental.ufl.edu/patient-care/,Health,Dental,Academic,32610,Y,1,0,0,0,0,0,0,0,0,0,0,0,0,Other languages (not specified) are available upon arrangement. Depends on the company of the person or other students working. 
We Care Physician Referral Network- Oral Health Program,https://alachua.floridahealth.gov/programs-services/wellness-programs/we-care-physician-referral-network/,Health,Dental,Non-Government,32641,Y,1,0,0,0,0,0,0,0,0,0,0,0,0,Other languages (not specified) available upon arrangement. Schedule ahead of time. 
Agency for Persons with Disabilities - Tacachale,https://apd.myflorida.com/ddc/tacachale/,Edu&Employment,Disability and Special Needs,Government,32609,Y,0,0,0,0,0,0,0,0,0,0,0,0,0,"Varies, no languages specified. The application is available in English, Spanish, and Haitian (Creole). "
Center for Autism and Related Disabilities (CARD),https://card.ufl.edu/,Social,Disability and Special Needs,Academic,"32609, 32606",Y,1,0,0,0,0,0,0,0,0,0,0,0,0,Only available from M-F 9 AM - 5 PM. 
Center for Autism and Related Disabilities (CARD),https://card.ufl.edu/,Social,Education,Academic,"32609, 32606",Y,1,0,0,0,0,0,0,0,0,0,0,0,0,Only available from M-F 9 AM - 5 PM. 
Center for Independent Living - North Central Florida (CILNCF),http://www.cilncf.org/,Social,Disability and Special Needs,Non-Government,32607,Y,1,1,0,1,0,0,0,0,0,0,0,0,0,"Applications are available in English and Spanish. Translation is also available in ASL, and from M-F 8:30 AM - 5 PM. Mandarin is marked as Chinese. There is also an office in Ocala (34470). "
Christians Concerned for the Community,https://cccgainesville.org/,Social,Disability and Special Needs,Non-Government,32604,N,0,0,0,0,0,0,0,0,0,0,0,0,0,
Florida Division of Blind Services- Alachua County,https://dbs.fldoe.org/,Social,Disability and Special Needs,Government,32606,Y,1,0,0,0,0,0,0,0,0,0,0,0,0,Also provides ASL translation. Available upon request. 
Florida Vocational Rehabilitation Program,https://www.rehabworks.org/,Social,Disability and Special Needs,Government,32607,Y,0,0,0,0,0,0,0,0,0,0,0,0,0,"Varies (no language specified), available upon request. "
Gainesville Stroke Support Group,https://nfssg.weebly.com/,Social,Disability and Special Needs,Non-Government,32653,Y,1,0,0,0,0,0,0,0,0,0,0,0,0,"The response says no, but also lists that they have Spanish. So I have marked it as Y. "
Medicaid Waiver Program/Agency for Persons with Disabilities ,https://apd.myflorida.com/medicaid/ibudget/,Social,Disability and Special Needs,Government,32609,Y,1,0,0,0,0,0,0,0,0,0,0,0,0,Translation is available upon request. 
UF Center for Autism and Related Disabilities,https://card.ufl.edu/,Social,Disability and Special Needs,Academic,32606,Y,1,0,0,0,0,0,0,0,0,0,0,0,0,"Translation available during regular hours (M 1 PM - 5 PM, T-F 9 AM - 5 PM). "
Alachua County Office of Emergency Management- Response and Recovery Unit,https://alachuacounty.us/Depts/EM/pages/em.aspx,Social,Disaster Services,Government,32641,Y,0,0,0,0,0,0,0,0,0,0,0,0,0,Language varies (not specified). Available upon request. 
North Central Florida Chapter of the American Red Cross- Alachua,https://www.redcross.org/local/florida/north-central-florida.html,Health,Disaster Services,Non-Government,32601,Y,1,0,0,0,0,0,0,0,0,0,0,0,0,Translation available upon request. 
Salvation Army  ,https://www.salvationarmyflorida.org/gainesville,Social,Disaster Services,Non-Government,32601,Y,1,0,0,0,0,0,0,0,0,0,0,0,0,
"Lee Conlee House, Inc. ",https://www.leeconleehouse.org/,Legal,Domestic Violence,Non-Government,32177,Y,1,0,0,0,0,0,0,0,0,0,0,0,0,"This zip code is technicallyin Palatka, Florida. Spanish is available on site, and other languages can be translated through the language lince. Hours are available upon request. "
Peaceful Paths Domestic Violence Network,https://www.peacefulpaths.org/,Legal,Domestic Violence,Non-Government,32653,Y,1,0,0,1,0,0,1,0,0,1,0,0,0,Also provides translation in Nepali. Phone interpreter available. The days and hours are available upon request. 
"Three Rivers Legal Services, Inc. ",https://www.trls.org/,Legal,Domestic Violence,Non-Government,32601,Y,0,0,0,0,0,0,0,0,0,0,0,0,0,Phone interpreter available (no languages specified). Days/hours available upon request. 
Alachua County Adult Program,https://floridaliteracy.org/search/search.php?county=Alachua&type=services,Edu&Employment,Education,Government,"32601, 32609",N,0,0,0,0,0,0,0,0,0,0,0,0,0,
Alachua County Public Schools Children at Promise Mckinney-Vento Homeless Education Services,https://www.alachuaschools.net/o/acps/page/mckinneyvento,Edu&Employment,Education,Government,32601,Y,0,0,0,0,0,0,0,0,0,0,0,0,0,"No languages are specified, but they try to accomodate all language speakers and it is available upon request. "
Alachua County Public Schools- Fearnside Family Services Center,https://www.alachuaschools.net/o/acps/page/sss,Edu&Employment,Education,Government,32609,N,0,0,0,0,0,0,0,0,0,0,0,0,0,
Bly's School of Cosmetology,https://www.blysschoolofcosmetology.com/,Edu&Employment,Education,Non-Government,32607,Y,0,0,0,0,0,0,0,0,0,0,0,0,0,No languages specified. Translators can be provided if needed and upon request. 
Florida Diagnostic Learning and Resources System,https://education.ufl.edu/reach/the-florida-diagnostic-learning-resources-system-fdlrs/,Edu&Employment,Education,Government,32686,Y,0,0,0,0,0,0,0,0,0,0,0,0,0,"No languages specified. Tries to accommodate all languages. Technically located in Reddick, FL. "
Gainesville Community Ministry,https://gcmhelp.org/services_and_programs0.aspx,Edu&Employment,Education,Non-Government,32601,N,0,0,0,0,0,0,0,0,0,0,0,0,0,
Gainesville Job Corps Center,https://www.jobcorps.gov/,Edu&Employment,Education,Government,32609,N,0,0,0,0,0,0,0,0,0,0,0,0,0,
Hospital Homebound,https://www.fldoe.org/academics/exceptional-student-edu/ese-eligibility/hospital-homebound-hh.stml,Edu&Employment,Education,Government,0,Y,0,0,0,0,0,0,0,0,0,0,0,0,0,"No languages specified, special arrangements can be made upon request. "
Library Partnership Neighborhood Resource Center,http://www.librarypartnership.org/,Edu&Employment,Education,Non-Government,32607,Y,0,0,0,0,0,0,0,0,0,0,0,0,0,Language varies and is available case by case. 
Reichert House Youth Academy,N/A,Edu&Employment,Education,Academic,32641,N,0,0,0,0,0,0,0,0,0,0,0,0,0,Permanently closed. 
Santa Fe College Adult Education,https://www.sfcollege.edu/prepare/adult-education/,Edu&Employment,Education,Academic,"32601, 32606, 32618",Y,1,0,0,0,0,0,1,0,0,0,0,0,0,Translation dependent on the staff available. 
School Board of Alachua County,https://www.alachuaschools.net/o/acps/page/schoolboard,Edu&Employment,Education,Government,32601,Y,1,0,0,0,0,0,0,0,0,0,0,0,0,"Languages not specified other than Spanish, offered when available. "
Library Partnership Neighborhood Resource Center ,https://www.pfsf.org/,Edu&Employment,Job Training,Government,32601,N,0,0,0,0,0,0,0,0,0,0,0,0,0,
Temp Staff ,https://www.dot-news.org/articles/eight-forces-reshaping-entertainment-now.html?psystem=PW&domain=www.tempforcegainesville.com&oref=http%3A%2F%2Fwww.tempforcegainesville.com%2F,Edu&Employment,Job Training,Non-Government,0,N,0,0,0,0,0,0,0,0,0,0,0,0,0,"Media&News, no services provided"
Alachua County Social Services ,https://www.alachuacounty.us/ContactUs/Pages/ContactUs.aspx,Legal,Eviction,Government,32641,N,0,0,0,0,0,0,0,0,0,0,0,0,0,
"Three Rivers Legal Services, Inc. ",https://www.trls.org/?gad_source=1&gad_campaignid=305655298&gbraid=0AAAAADgdiZZePU4tLotTyv6zyay5jX0F9&gclid=Cj0KCQiA7-rMBhCFARIsAKnLKtB8K4O0hbJRDyGuuEWZH9PI4wQMlQBFaKgpKOOvV307vyUDGwW992AaApp7EALw_wcB,Legal,Eviction,Non-Government,32601,Y,0,1,0,0,0,1,0,0,1,0,0,0,0,"Dutch & Italian in website, spanish provided"
Holy Trinity Episcopal ,https://www.holytrinitygnv.org/,Social,Food Assistance,Non-Government,32601,N,0,0,0,0,0,0,0,0,0,0,0,0,0,
St. Francis House ,https://stfrancishousegnv.com/,Social,Food Assistance,Non-Government,32601,Y,0,0,0,0,0,0,0,0,0,0,0,0,0,Spanish via call
Equal Access Clinics Network,http://equalaccess.med.ufl.edu/,Health,HIV-related,Academic,32610,N,0,0,0,0,0,0,0,0,0,0,0,0,0,"UF College of Medicine, Spanish translation provided"
Florida Department of Health in Alachua County,https://alachua.floridahealth.gov/,Health,HIV-related,Government,32641,Y,1,0,0,0,0,0,0,0,0,0,0,0,0,Appears multiple times
Gainesville Area Aids Project,https://www.pccncf.org/gaap,Health,HIV-related,Non-Government,"32609, 32627",N,0,0,0,0,0,0,0,0,0,0,0,0,0,
GatorWell Health Promotion Services,http://gatorwell.ufsa.ufl.edu/,Health,HIV-related,Academic,32611,N,0,0,0,0,0,0,0,0,0,0,0,0,0,UF Health
HealthStreet,https://healthstreet.program.ufl.edu/,Health,HIV-related,Academic,32611,Y,1,0,0,0,0,0,0,0,0,0,0,0,0,UF Health
Housing Assistance,https://www.findhelp.org/catholic-charities-gainesville--gainesville-fl-housing-opportunities-for-persons-with-aids-%2528hopwa%2529/5017281620869120?postal=32611,Health,HIV-related,Non-Government,32609,Y,0,0,0,0,0,0,0,0,0,0,0,0,0,"No translation services via website, based on request offline"
Mobile Outreach Clinic,http://outreach.med.ufl.edu/,Health,HIV-related,Academic,"32609, 32601, 32641",Y,1,0,0,0,0,0,0,0,0,0,0,0,0,UF College of Medicine
Planned Parenthood of North Central Florida,https://www.plannedparenthood.org/health-center/florida/gainesville/32601/gainesville-health-center-2155-90320,Health,HIV-related,Non-Government,32601,Y,1,0,0,0,0,0,0,0,0,0,0,0,0,
Rural Women's Health Project,http://rwhp.org/,Health,HIV-related,Non-Government,32601,Y,1,0,0,0,0,0,0,0,0,0,0,0,0,
UF Student Health Care Center,https://shcc.ufl.edu/,Health,HIV-related,Academic,32611,N,0,0,0,0,0,0,0,0,0,0,0,0,0,
WellFlorida Council,https://www.wellflorida.org/,Health,HIV-related,Non-Government,32606,Y,0,0,0,0,0,0,0,0,0,0,0,0,0,Spanish via call
Alachua County Housing Authority,https://acha-fl.com/,Social,Housing,Government,32601,Y,1,1,0,0,0,0,1,0,1,0,0,0,0,
Alachua Habitat for Humanity,https://www.alachuahabitat.org/,Social,Housing,Non-Government,32606,N,0,0,0,0,0,0,0,0,0,0,0,0,0,
Gainesville Housing Authority  ,https://gainesvillehousingfl.org/,Social,Housing,Government,32641,Y,0,0,0,0,0,0,0,0,0,0,0,0,0,Mentioned to have any language in person
Neighborhood Housing and Development Corporation ,https://gainesvillehousingfl.org/,Social,Eviction,Government,32601,N,0,0,0,0,0,0,0,0,0,0,0,0,0,
Neighborhood Housing and Development Corporation ,https://gainesvillehousingfl.org/,Social,Housing,Government,32601,N,0,0,0,0,0,0,0,0,0,0,0,0,0,
Rebuilding Together North Central Florida,https://gainesvillehousingfl.org/,Social,Housing,Government,32608,N,0,0,0,0,0,0,0,0,0,0,0,0,0,
St. Francis Arbor House,https://stfrancishousegnv.com/,Social,Housing,Non-Government,32601,Y,0,0,0,0,0,0,0,0,0,0,0,0,0,"Spanish via call, repeated"
USDA Rural Development,https://www.rd.usda.gov/fl-vi,Social,Housing,Non-Government,34470,Y,1,1,0,0,1,1,0,1,1,0,0,0,1,
George and Cabrera Immigration Attorneys,https://evangeorge-law.com/,Legal,Immigration,Non-Government,32606,Y,0,0,0,0,0,0,0,0,0,0,0,0,0,Spanish in person
Interfaith Alliance for Immigration Justice,https://gainesvilleiaij.blogspot.com/,Legal,Immigration,Non-Government,32609,N,0,0,0,0,0,0,0,0,0,0,0,0,0,Info&News site
Rural Women's Health Project,http://rwhp.org/,Legal,Immigration,Non-Government,32601,Y,1,0,0,0,0,0,0,0,0,0,0,0,0,
Welcoming Gainesville and Alachua County,https://www.una-usagainesvillefl.org/index.php/past-un-days/un-day-2021/sponsors-2021/61-welcoming-gainesville-alachua-county,Legal,Immigration,Non-Government,32601,N,0,0,0,0,0,0,0,0,0,0,0,0,0,
Salvation Army Family Thrift Store,"https://southernusa.salvationarmy.org/verobeach/family-store/#:~:text=The%20store%20is%20open:%20*%20**Monday%E2%80%93Friday**%209,items%2C%20then%20adds%20them%20to%20the%20shelves.",Family,Infants,Non-Government,"32601, 32609",N,0,0,0,0,0,0,0,0,0,0,0,0,0,
SIRA Pregancy Center,https://www.siragainesville.com/,Family,Infants,Non-Government,32601,N,0,0,0,0,0,0,0,0,0,0,0,0,0,
St. Vincent De Paul Thrift Store,N/A,Family,Infants,Non-Government,32601,N,0,0,0,0,0,0,0,0,0,0,0,0,0,
Women's Infants and Children Project,,Family,Infants,Non-Government,32641,Y,1,0,0,0,0,0,0,0,0,0,0,0,0,Other languages avaiable via call
Assurance Wireless,https://www.assurancewireless.com/,Other,Information & Referral,Government,61920 IL,Y,1,0,0,0,0,0,0,0,0,0,0,0,0,
CDS Family and Behavioral Health Services,https://www.cdsfl.org/,Social,Information & Referral,Non-Government,32608,Y,0,0,0,0,0,0,0,0,0,0,0,0,0,"Repeated, no specified"
Central Florida Community Action Agency,https://www.cfcaa.org/,Social,Information & Referral,Non-Government,32601,Y,1,1,0,0,0,0,1,0,1,0,1,1,0,
Early Learning Coalition of Alachua County,https://elcalachua.org/,Edu&Employment,Information & Referral,Government,32609,Y,1,0,0,0,0,0,0,0,0,0,0,0,0,Repeated
Medicaid,https://www.uhc.com/communityplan/florida?cid=sp:UHC-GGL-Medicaid-NB-Geo-FL-T2-8041846:312QZ266&WT.mc_id=8041846&&&&&gclsrc=aw.ds&gad_source=1&gad_campaignid=22260648944&gclid=Cj0KCQiA7-rMBhCFARIsAKnLKtBX7BWpcse-VDFdtmRY2DviVaHBx-1I0I2OSEnXQnrVTNz5mqfJS_YaAhxoEALw_wcB,Health,Information & Referral,Government,32601,Y,1,0,0,0,0,0,1,0,0,0,0,0,0,
Southwest Advocacy Group Family Resource Center,https://swadvocacygroup.org/swag-family-resource-center/,Social,Information & Referral,Non-Government,32607,N,0,0,0,0,0,0,0,0,0,0,0,0,0,
Florida KidCare,https://www.floridakidcare.org/,Social,"Infants, Insurance & Finnancial Assistance",Government,"32302, 32301",Y,1,0,0,0,0,0,1,0,0,0,0,0,0,
Medicaid,https://www.uhc.com/communityplan/florida?cid=sp:UHC-GGL-Medicaid-NB-Geo-FL-T2-8041846:312QZ266&WT.mc_id=8041846&&&&&gclsrc=aw.ds&gad_source=1&gad_campaignid=22260648944&gclid=Cj0KCQiA7-rMBhCFARIsAKnLKtBX7BWpcse-VDFdtmRY2DviVaHBx-1I0I2OSEnXQnrVTNz5mqfJS_YaAhxoEALw_wcB,Legal,Insurance & Finnancial Assistance,Government,32601,Y,1,0,0,0,0,0,1,0,0,0,0,0,0,
Patient Advocate Foundation,https://www.patientadvocate.org/,Legal,Insurance & Finnancial Assistance,Non-Government,23666 VA,Y,1,0,1,0,0,0,0,1,0,0,0,0,0,
Gainesville Police Department,https://police.gainesvillefl.gov/Home,Legal,Law Enforcement,Government,32601,Y,1,1,0,1,1,0,1,1,1,0,1,1,0,
Florida Institutional Legal Services,https://www.floridalegal.org/,Legal,Legal Services,Non-Government,32583,Y,1,0,0,0,0,0,1,0,0,0,0,0,0,Others via call
Library Partnership Neighborhood Resource Center,https://www.pfsf.org/resourcecenters/librarypartnersip/,Legal,Legal Services,Government,32601,N,0,0,0,0,0,0,0,0,0,0,0,0,0,
"Three Rivers Legal Services, Inc. ",https://www.trls.org/?gad_source=1&gad_campaignid=305655298&gbraid=0AAAAADgdiZZePU4tLotTyv6zyay5jX0F9&gclid=Cj0KCQiA7-rMBhCFARIsAKnLKtB8K4O0hbJRDyGuuEWZH9PI4wQMlQBFaKgpKOOvV307vyUDGwW992AaApp7EALw_wcB,Legal,Legal Services,Non-Government,32601,Y,0,1,0,0,0,1,0,0,1,0,0,0,0,"Repeated, Dutch & Italian in website, spanish also provided"
Florida School of Massage Student Clinic,https://floridaschoolofmassage.com/student-clinic/,Health,Massage Therapy,Non-Government,32608,N,0,0,0,0,0,0,0,0,0,0,0,0,0,
Alachua Area Medical Reserve Corps,https://www.healthservicecorps.org/chsc-reserve-corps/?gad_source=1&gad_campaignid=19194337572&gbraid=0AAAAADHsCd61Cbm7kIFtDGCs52EPc4vR-&gclid=Cj0KCQiA7-rMBhCFARIsAKnLKtAK4rhPxXAzr8P_wz7Ec1GhZ7r8BwQMV_Fz-h2-nkwLYNB0KDMUdBwaAkX1EALw_wcB,Health,Medical Care and Services,Non-Government,32641,Y,1,0,0,0,0,0,0,0,0,0,0,0,0,
Alachua County Health Department,https://alachua.floridahealth.gov/,Health,Medical Care and Services,Government,32641,Y,1,1,1,1,0,0,1,1,1,0,0,0,1,"Repeated, shown above"
Alachua County Social Services,https://www.alachuacounty.us/Depts/CSS/SocialServices/Pages/SocialServices.aspx,Health,Medical Care and Services,Government,32641,Y,0,0,0,0,0,0,0,0,0,0,0,0,0,Upon request
Archer Family Health Care,https://afhc.nursing.ufl.edu/,Health,Medical Care and Services,Academic,32618,Y,1,0,0,0,0,0,0,0,0,0,0,0,0,"UF College of Nursing, limited Spanish"
Azalea Health Dental Clinic,https://azahealth.org/hawthorne/,Health,Medical Care and Services,Non-Government,32640,Y,1,0,0,0,0,0,0,0,0,0,0,0,0,All languages via call
Children's Medical Services,N/A,Health,Medical Care and Services,Government,32608,Y,1,0,0,0,0,0,0,0,0,0,0,0,0,Website invalid
Children's Medical Center - Alachua,http://www.floridahealth.gov/AlternateSites/CMS-Kids/,Health,Medical Care and Services,Government,32615,Y,1,0,0,0,0,0,0,0,0,0,0,0,0,
Equal Access Clinics Network,https://equalaccess.med.ufl.edu/,Health,Medical Care and Services,Academic,"32608, 32641",Y,1,0,0,0,0,0,0,0,0,0,0,0,0,UF College of Medicine
Gainesville Community Ministry,https://www.gcmhelp.org/home0.aspx,Health,Medical Care and Services,Non-Government,32601,Y,0,0,0,0,0,0,0,0,0,0,0,0,0,Spanish provided by volunteers 
Helping Hands Clinic,http://hhclinicgnv.org/,Health,Medical Care and Services,Non-Government,32601,Y,0,0,0,0,0,0,0,0,0,0,0,0,0,Spanish or other languages in working hours
Malcolm Randall Veteran's Administration Medical Center (VA Hospital),http://www.northflorida.va.gov/,Health,Medical Care and Services,Government,32608,Y,1,0,1,0,0,0,0,0,0,0,0,0,0,Other languages available via call
Mobile Outreache Clinic,http://outreach.med.ufl.edu/,Health,Medical Care and Services,Academic,"32601, 32609",Y,1,0,0,0,0,0,0,0,0,0,0,0,0,UF College of Medicine
Palms Medical Group,https://palmsmg.org/,Health,Medical Care and Services,Non-Government,32605,Y,0,0,0,0,0,0,0,0,0,0,0,0,0,Spanish via call
Prescribed Pediatric Extended Care,https://www.tcms.care/tender-care-ppec-services-near-you/,Health,Medical Care and Services,Non-Government,32607,N,0,0,0,0,0,0,0,0,0,0,0,0,0,"As ""Tender Care Medical Services of Gainesville"" "
RAHMA Mercy Clinic,https://www.rahmamercyclinic.com/,Health,Medical Care and Services,Non-Government,32608,N,0,0,0,0,0,0,0,0,0,0,0,0,0,
UF Health Eastside Community Practice,https://ufhealth.org/uf-shands-eastside-communitypractice,Health,Medical Care and Services,Academic,32641,Y,0,0,0,0,0,0,0,0,0,0,0,0,0,"Shands Hospital, Translation available via call"
UF Health Family Practice,https://ufhealth.org/locations/uf-health-family-medicine-main,Health,Medical Care and Services,Academic,32609,Y,0,0,0,0,0,0,0,0,0,0,0,0,0,"UF Health, avialable via call, not shown in website"
UF Health Orthopedics & Sprots Medicine,https://www.ortho.ufl.edu/,Health,Medical Care and Services,Academic,32607,Y,0,0,0,0,0,0,0,0,0,0,0,0,0,"UF Health, avialable via call, not shown in website"
We Care Physician Referral Network- Primary and Speciality Care,https://alachua.floridahealth.gov/programs-services/wellness-programs/we-care-physician-referral-network/,Health,Medical Care and Services,Government,32641,Y,1,1,1,1,0,0,1,1,1,0,0,0,1,Through FDOH
"Healthy Kids Medical and Legal Partnership, Southern Legal Counsel",https://www.southernlegal.org/,Legal,Medical Legal Partnership,Non-Government,32608,N,0,0,0,0,0,0,0,0,0,0,0,0,0,
Alachua County Crisis Center,https://www.alachuacounty.us/DEPTS/CSS/CRISISCENTER/Pages/CrisisCenter.aspx,Health,Mental Health,Government,32641,Y,1,1,1,1,1,1,1,1,1,1,1,1,1,"Lots of languages, all through Google translate built in to website"
Alachua County Perinatal Mental Health Coalition,https://ppwandfc.wixsite.com/acpmhc,Health,Mental Health,Government,32853,Y,0,0,0,0,0,0,0,0,0,0,0,0,0,
CDS Family and Behavioral Health Services,https://www.cdsfl.org/,Health,Mental Health,Non-Government,32608,Y,0,0,0,0,0,0,0,0,0,0,0,0,0,phone interpreters upon request
Florida Recovery Center: Expert Treatment- Drug and Alcohol Addiction,https://ufhealth.org/locations/uf-health-florida-recovery-center,Health,Mental Health,Academic,32608,Y,0,0,0,0,0,0,0,0,0,0,0,0,0,UF Health
Meridian Behavioral Healthcare,https://mbhci.org/,Health,Mental Health,Non-Government,32608,Y,1,0,0,0,0,0,0,0,0,0,0,0,0,Spanish translators among staff members
Shands Vista- UF Health Shands Psychiatric Hospita,https://ufhealth.org/locations/uf-health-florida-recovery-center?utm_source=google&utm_medium=tj%20ppc&keyword_session_id=vt~adwords%7Ckt~shands%20vista%7Cmt~p%7Cta~770732170217&_vsrefdom=wordstream&gad_source=1&gad_campaignid=17428162684&gbraid=0AAAAADOg-63jCFjyl6yFaFC_FGsZQvuoS&gclid=Cj0KCQiAtfXMBhDzARIsAJ0jp3C3qLGohQxg2gagGFRaxDgN6I46D7St2UZXxWsz_J5aRdyNx-vLFXkaArdfEALw_wcB,Health,Mental Health,Academic,32606,Y,0,0,0,0,0,0,0,0,0,0,0,0,0,"Varies, available upon request"
"Equal Access Clinics, UF and Shands Family Medicine",https://equalaccess.med.ufl.edu/,Health,Occupational Therapy ,Academic,32601,Y,0,0,0,0,0,0,0,0,0,0,0,0,0,"Spanish (limited), depends on volunteers/medical students"
GRACE Marketplace,https://www.gracemarketplace.org/clinic-pharmacy,Health,Pharmacy,Non-Government,32609,Y,1,0,0,0,0,0,1,0,0,0,0,0,0,"Spanish, Creole, phone translation"
Department of Highway Safety and Motor Vehicles- Alachua,https://www.flhsmv.gov/locations/alachua/,Other,Photo Identification,Government,32601,Y,1,0,0,0,0,0,0,0,0,0,0,0,0,
Holy Trinity Episcopal Church,https://www.holytrinitygnv.org/,Other,Photo Identification,Non-Government,32601,N,0,0,0,0,0,0,0,0,0,0,0,0,0,
Human Rights Coalition of Alachua County,http://www.hrcalachua.com/,Other,Photo Identification,Non-Government,32601,Y,1,0,0,0,0,0,0,0,0,0,0,0,0,
UF and Shands Family Medicine- Equal Access Clinic,https://phhp.ufl.edu/about/departments/physical-therapy/,Health,Physical Therapy,Academic,32608,Y,1,0,0,0,0,0,0,0,0,0,0,0,0,
CDS Family and Behavioral Health Services,https://www.cdsfl.org/,Social,Shelters,Non-Government,32608,Y,1,0,0,0,0,0,0,0,0,0,0,0,0,
Family Promise of Gainesville (formerly Interfaith Hospitality Network),https://www.familypromisegvl.org/,Social,Shelters,Non-Government,32627,Y,1,0,0,0,0,0,0,0,0,0,0,0,0,
Peaceful Paths Domestic Abuse Network,https://www.peacefulpaths.org/,Social,Shelters,Non-Government,32653,Y,0,0,0,0,0,0,0,0,0,0,0,0,0,
St. Francis House,https://stfrancishousegnv.com/contact-us/,Social,Shelters,Non-Government,32601,Y,1,0,0,0,0,0,0,0,0,0,0,0,0,
U.S. Department of Housing and Urban Development- VA Supportive Housing (HUD-VASH),https://www.va.gov/homeless/hud-vash.asp,Social,Shelters,Government,32641,Y,1,0,0,0,0,0,0,0,0,0,0,0,0,
Volunteers of America (VOA) Veterans Program,https://www.voaflorida.org/locations/gainesville-bridge-program/,Social,Shelters,Non-Government,32605,Y,1,0,0,0,0,0,0,0,0,0,0,0,0,
Social Security Administration,https://www.ssa.gov/,Legal,Social Security,Government,32609,Y,1,0,0,0,0,0,0,0,0,0,0,0,0,
Alcoholics Anonymous,https://aagainesville.org/,Legal,Substance Abuse,Non-Government,32606,N,0,0,0,0,0,0,0,0,0,0,0,0,0,
Florida Recovery Center Gainesville,https://ufhealth.org/locations/uf-health-florida-recovery-center,Legal,Substance Abuse,Academic,32608,Y,0,0,0,0,0,0,0,0,0,0,0,0,0,"UF Health, varies"
Narcotics Anonymous,https://uncoastna.org/meetings/,Legal,Substance Abuse,Non-Government,32604,N,0,0,0,0,0,0,0,0,0,0,0,0,0,
Center for Independent Living of North Central Florida,https://www.cilncf.org/sign-language-intepreting/,Social,Transportation,Non-Government,32607,N,0,0,0,0,0,0,0,0,0,0,0,0,0,
Central Florida Community Action Agency,https://www.cfcaa.org/,Social,Transportation,Non-Government,32601,N,0,0,0,0,0,0,0,0,0,0,0,0,0,
Christians Concerned for the Community,https://cccgainesville.org/,Social,Transportation,Non-Government,32604,N,0,0,0,0,0,0,0,0,0,0,0,0,0,
"ElderCare of Alachua County, Inc.",https://eldercare.ufhealth.org/,Social,Transportation,Academic,32607,N,0,0,0,0,0,0,0,0,0,0,0,0,0,UF Health
Freedom in Motion Uber Initiative,https://eldercare.ufhealth.org/services/transportation-services/freedom-in-motion-program-affordable-rides-for-gainesville-seniors/,Social,Transportation,Academic,32653,Y,0,0,0,0,0,0,0,0,0,0,0,0,0,UF Health
Holy Trinity Episcopal Church,https://www.holytrinitygnv.org/,Social,Transportation,Non-Government,32601,N,0,0,0,0,0,0,0,0,0,0,0,0,0,
Medicaid Transportation (MV Transit),https://mvtransit.com/,Social,Transportation,Non-Government,32608,Y,1,0,0,0,0,0,0,0,0,0,0,0,0,
St. Francis House,https://stfrancishousegnv.com/,Social,Transportation,Non-Government,32601,Y,1,0,0,0,0,0,0,0,0,0,0,0,0,
Agency Salvation Army Program Utility Assistnace,https://www.salvationarmyusa.org/location-finder/?location=32608,Other,Utilities,Non-Government,32601,Y,0,0,0,0,0,0,0,0,0,0,0,0,0,
Alachua County Social Services,https://www.alachuacounty.us/Depts/CSS/Pages/CommunitySupportServices.aspx,Other,Utilities,Government,32641,Y,0,0,0,0,0,0,0,0,0,0,0,0,0,
Central Florida Community Action Agency ,https://www.cfcaa.org/,Other,Utilities,Non-Government,32601,Y,1,1,0,0,0,0,1,0,0,0,0,1,0,Arabic available
Alachua County Veterans' Services,https://www.alachuacounty.us/Depts/CSS/Veterans/Pages/VeteransServices.aspx,Social,Veteran,Government,32641,Y,0,0,0,0,0,0,0,0,0,0,0,0,0,Available through appointment
Health Care for Homeless Veterans/Honor Center ,https://www.va.gov/north-florida-health-care/,Social,Veteran,Government,32608,Y,1,0,1,0,0,0,0,0,0,0,0,0,0,Other languages provided via phone
Supportive Services for Veterans and their Families,https://www.voaflorida.org/gainesvillessvf/,Social,Veteran,Non-Government,32609,Y,1,0,0,0,0,0,0,0,0,0,0,0,0,
U.S. Department of Housing and Urban Development- VA Supportive Housing ,https://www.va.gov/homeless/hud-vash.asp,Social,Veteran,Government,32641,Y,1,0,1,0,0,0,0,0,0,0,0,0,0,
Alachua County Victim Services and Rape Crisis Center ,https://www.alachuacounty.us/depts/css/victimservices/pages/victimservices.aspx,Legal,Victims Services,Government,32641,Y,0,0,0,0,0,0,0,0,0,0,0,0,0,
"Lee Conlee House, Inc. ",https://www.leeconleehouse.org/,Legal,Victims Services,Non-Government,32177,Y,1,0,0,0,0,0,0,0,0,0,0,0,0,
Peaceful Paths Domestic Abuse Network ,https://www.peacefulpaths.org/,Legal,Victims Services,Non-Government,32653,Y,0,0,0,0,0,0,0,0,0,0,0,0,0,Translation available upon request
"Three Rivers Legal Services, Inc. ",https://www.trls.org/,Legal,Victims Services,Non-Government,32601,Y,0,1,0,0,0,1,0,0,1,0,0,0,0,Dutch&Italian provided
UF Levin College of Law- Intimate Partner Violence Assistance Clinic ,https://www.protectourdefenders.com/services/the-intimate-partner-violence-assistance-clinic-ipvac-at-the-levin-college-of-law/,Legal,Victims Services,Academic,32611,Y,0,0,0,0,0,0,0,0,0,0,0,0,0,"Upon Request, UF college of law"
Alachua County Social Services ,https://www.alachuacounty.us/Depts/CSS/SocialServices/Pages/SocialServices.aspx,Health,Vision Care,Government,32641,Y,0,0,0,0,0,0,0,0,0,0,0,0,0,
Helping Hands Clinic ,http://hhclinicgnv.org/,Health,Vision Care,Non-Government,"32601, 32609",Y,0,0,0,0,0,0,0,0,0,0,0,0,0,Spanish on site
Palms Medical Group,https://palmsmg.org/,Health,Vision Care,Non-Government,"32605, 32055, 32091",Y,1,0,0,0,0,0,0,0,0,0,0,0,0,
Voter Registration,https://registertovoteflorida.gov/home,Legal,Government,Government,32627,Y,1,0,0,0,0,0,0,0,0,0,0,0,0,"By law, Florida provides language assistance and translation of election-related materials in Spanish pursuant to the Voting Rights Act. "